pos,F1,F2,F3,F4,F5,F6,K1,K3,K10
25,0.547922252,0.216608919,0.157531466,0.098469696,0.096087975,0.095276364,4.36E-07,1.11E-06,6.05E-06
26,0.55730563,0.211355762,0.1636216,0.111307503,0.116234,0.115188856,1.78E-07,3.26E-07,3.22E-06
27,0.85924933,0.325583995,0.279740154,0.192846179,0.316206959,0.313242254,1.19E-08,3.39E-08,9.16E-08
28,0.821715818,0.302335979,0.294600081,0.185776083,0.453443303,0.449281186,6.00E-09,3.39E-08,6.32E-08
29,0.44269437,0.157147647,0.144945189,0.08428299,0.147331891,0.145950531,1.69E-07,5.20E-07,3.31E-06
30,0.292560322,0.098356991,0.115144133,0.06637518,0.112177754,0.11117064,8.11E-08,1.03E-07,4.82E-06
31,0.19772118,0.065943892,0.081039383,0.049723243,0.074139174,0.073667292,1.46E-06,2.16E-06,5.06E-05
32,0.09886059,0.033530792,0.040844499,0.025908182,0.029565531,0.029332976,0.000505963,0.000700603,0.003534722
33,0.114946381,0.039007489,0.049045879,0.02944323,0.032855598,0.032726136,2.06E-05,2.44E-05,0.000289666
34,0.044571046,0.021571476,0.034429557,0.023908089,0.023300883,0.023350299,2.51E-05,5.39E-05,0.013135772
35,0.021112601,0.015312395,0.024279334,0.019070654,0.018523526,0.0183945,0.004732294,0.008031793,0.44547805
36,0.016756032,0.00972393,0.013235891,0.009581841,0.009329367,0.009241897,0.185957593,0.199844911,0.808167357
37,0.002345845,0.00648262,0.007145757,0.004790921,0.004912565,0.005000446,1,1,0.981283917
38,0,0.003353079,0.002598457,0.001488441,0.001622499,0.001919814,0.212372534,0.322829059,0.74732286
39,0.010053619,0.007600313,0.006333739,0.004232755,0.004101316,0.004420038,0.027851212,0.297955229,0.861204377
40,0.025134048,0.011959316,0.013479497,0.010930741,0.010771588,0.011831414,0.000574801,0.019278856,0.10344207
41,0.052613941,0.021795015,0.02955745,0.025117447,0.025419145,0.027234575,3.77E-06,0.000172038,0.002391699
42,0.069034853,0.025259864,0.034348356,0.028187358,0.029069767,0.028841861,6.03E-06,0.000186637,0.000916994
43,0.113605898,0.039007489,0.059683313,0.05079306,0.054128358,0.056522904,2.54E-08,1.55E-06,1.45E-05
44,0.142091153,0.048060803,0.064311815,0.052886181,0.0570128,0.075229931,2.83E-09,1.27E-07,3.72E-05
45,0.156836461,0.052419806,0.079415347,0.066142611,0.072471606,0.102107331,1.34E-09,1.99E-07,2.05E-06
46,0.102211796,0.035430871,0.047340641,0.036327271,0.038399135,0.050361639,3.45E-08,3.05E-06,0.000402123
47,0.082774799,0.028836482,0.032155907,0.021582399,0.022219218,0.044021788,9.10E-08,2.15E-05,0.000861152
48,0.050268097,0.019000782,0.017377182,0.010279548,0.010140617,0.029288329,3.22E-06,0.000122029,0.009475588
49,0.052949062,0.025148094,0.022086886,0.012791293,0.012439156,0.038664166,1.46E-07,2.38E-06,0.001636511
50,0.054624665,0.027607019,0.025578563,0.015303037,0.014963043,0.028261452,5.84E-07,9.04E-06,0.058788181
51,0.032171582,0.019783168,0.01591555,0.009116703,0.008833604,0.016206804,2.89E-05,0.001000686,0.938737988
52,0.023793566,0.02101263,0.015347138,0.009488813,0.009419506,0.021564425,8.21E-08,2.68E-05,0.229724264
53,0.030831099,0.031295406,0.022817702,0.014093679,0.014151794,0.028172158,7.08E-10,5.42E-07,0.003403898
54,0.02613941,0.031295406,0.022817702,0.013768082,0.013881377,0.018171265,3.69E-07,1.39E-06,0.002033328
55,0.010723861,0.025595172,0.019488429,0.01386111,0.014692627,0.017055094,6.70E-06,0.000811853,0.009840369
56,0.007707775,0.030848329,0.026471782,0.02269873,0.024743104,0.031297437,1.17E-06,6.12E-06,0.0025113
57,0.009718499,0.042807645,0.037434024,0.032652682,0.036776636,0.042503795,4.19E-08,3.79E-08,2.31E-06
58,0.002680965,0.039342796,0.040113683,0.03655984,0.04101316,0.042191267,4.74E-08,3.09E-06,0.000156515
59,0.001005362,0.040125182,0.047097036,0.047258012,0.052595998,0.057683722,1.18E-08,5.14E-06,0.000149989
60,0.000335121,0.031407176,0.038814454,0.040699567,0.04407788,0.053442272,1.24E-07,2.76E-06,6.93E-05
61,0.000335121,0.01944786,0.022817702,0.023722034,0.024923382,0.033127958,0.000106139,0.001501066,0.031598591
62,0,0.014082933,0.018676411,0.02195451,0.022534703,0.034556657,1.18E-05,0.000143072,0.000486232
63,0.001340483,0.008159159,0.00820138,0.00981441,0.010005408,0.022144834,1.14E-05,0.000415849,0.010106875
64,0.009718499,0.008606237,0.006333739,0.004697893,0.004687218,0.014153049,0.006863702,0.032394465,0.332784605
65,0.02613941,0.009388622,0.007632968,0.004372296,0.004236524,0.015849629,0.000150869,0.002449148,0.313559115
66,0.048592493,0.016430088,0.014697523,0.009116703,0.00910402,0.019198143,0.000657642,0.068759794,0.605457575
67,0.065683646,0.031742484,0.024928948,0.015070468,0.014917974,0.025627288,2.13E-05,0.00118915,0.046802408
68,0.16152815,0.122499162,0.089159562,0.051630308,0.050432666,0.064336101,2.51E-07,5.01E-05,0.001095675
69,0.267426273,0.297641668,0.220056841,0.126284943,0.12236344,0.125011162,3.25E-08,5.80E-07,1.23E-06
70,0.354557641,0.505420811,0.389687373,0.228568771,0.222237245,0.224439682,3.13E-09,1.88E-07,1.23E-06
71,0.656836461,1,0.821112464,0.490767012,0.4802596,0.588802572,1.50E-09,2.34E-08,5.50E-08
72,0.647117962,0.843187661,0.66861551,0.391180985,0.3799351,0.391150996,7.05E-10,1.02E-08,1.72E-08
73,0.391756032,0.421929138,0.315631344,0.1814503,0.175815756,0.179391017,2.20E-10,1.86E-07,3.48E-06
74,0.3019437,0.250922097,0.182379212,0.105167682,0.102848387,0.127734619,2.94E-10,3.86E-08,2.06E-06
75,0.164209115,0.091427294,0.070401949,0.043722964,0.043897602,0.066211269,1.27E-08,9.43E-06,0.000395431
76,0.125,0.063373198,0.051969143,0.03423415,0.034568235,0.051611751,1.17E-07,7.65E-07,3.00E-05
77,0.091152815,0.03230133,0.035079172,0.027024513,0.027943032,0.0353603,5.00E-06,0.001091145,0.004858207
78,0.045911528,0.015424165,0.016565164,0.01251221,0.012619434,0.015001339,0.000699693,0.065701532,0.152864344
79,0.025469169,0.008606237,0.007876573,0.005116517,0.005047774,0.008304313,0.014891665,0.76423837,0.844548598
80,0.004356568,0.003017771,0.002192448,0.001302386,0.001307013,0.00325922,0.049863014,0.388115282,0.628729635
81,0.001005362,0.006147312,0.005359318,0.004325783,0.004416802,0.006697027,0.280444695,0.904410972,0.867181905
82,0.001675603,0.008270929,0.010637434,0.010326062,0.010320894,0.012635057,0.044330822,0.295833488,0.483243538
83,0.001675603,0.015759472,0.021518473,0.020838179,0.021317829,0.02361818,0.005178613,0.064073457,0.849558755
84,0.003351206,0.022353862,0.035079172,0.036466812,0.037407608,0.042548442,3.37E-05,0.000854316,0.02341816
85,0.006032172,0.028054096,0.046772229,0.045816084,0.047187669,0.048352531,2.96E-07,4.09E-05,0.000891224
86,0.010053619,0.026936403,0.044904588,0.040513512,0.041373716,0.040985802,3.46E-06,6.13E-06,0.006485724
87,0.003686327,0.036101487,0.054973609,0.050886088,0.054533982,0.054558443,4.82E-09,4.68E-08,0.000595986
88,0.000335121,0.031518945,0.040519691,0.037164519,0.040201911,0.039824984,5.79E-05,8.83E-05,0.112881635
89,0.001005362,0.022242092,0.027689809,0.023442951,0.024833243,0.025002232,0.002181048,0.008159805,1
90,0.001005362,0.027271711,0.032886724,0.026466347,0.028799351,0.033217252,2.06E-06,0.000112475,0.075884285
91,0,0.035095563,0.037028015,0.029396716,0.033035875,0.041566211,2.27E-07,3.03E-07,0.001503244
92,0.001005362,0.02749525,0.02452294,0.017582213,0.019515053,0.025895169,3.97E-05,7.88E-05,0.022401919
93,0.000335121,0.02425394,0.021031263,0.013721568,0.015413737,0.030181266,9.47E-05,0.000118661,0.002032753
94,0.001675603,0.037666257,0.031749898,0.020745151,0.02429241,0.068265024,1.41E-07,1.96E-07,1.64E-05
95,0.008378016,0.038560411,0.028339423,0.016419368,0.018162971,0.071658184,9.37E-08,4.75E-07,9.03E-06
96,0.01038874,0.029395328,0.021599675,0.012605237,0.01293492,0.053085097,2.46E-07,1.44E-05,0.001428779
97,0.028820375,0.034983793,0.031100284,0.021024234,0.020416441,0.065139745,5.36E-08,2.16E-07,1.20E-05
98,0.039209115,0.038672181,0.03727162,0.025629099,0.024968451,0.057817662,7.78E-07,4.36E-06,5.74E-05
99,0.070040214,0.047837264,0.060820138,0.047211498,0.047638363,0.078667738,4.62E-08,3.59E-07,1.58E-06
100,0.072050938,0.04046049,0.052781161,0.040560026,0.041463854,0.048843647,7.05E-07,7.84E-06,0.000759232
101,0.107908847,0.050855035,0.081039383,0.066607749,0.070533622,0.075319225,7.24E-09,1.45E-07,4.14E-07
102,0.139075067,0.06952051,0.133901746,0.118982278,0.128537948,0.169434771,1.78E-09,3.06E-08,6.86E-08
103,0.105563003,0.053425729,0.09045879,0.078654821,0.08283757,0.11201893,4.90E-09,7.61E-08,4.11E-07
104,0.071380697,0.043925338,0.060982542,0.050374436,0.051198846,0.085454058,1.20E-08,3.75E-07,2.58E-05
105,0.042560322,0.02738348,0.031587495,0.024559282,0.02433748,0.038396285,1.20E-05,0.000122009,0.001965397
106,0.020107239,0.019671398,0.0181892,0.013116889,0.012709573,0.028082865,3.55E-06,7.73E-05,0.026336569
107,0.00502681,0.013859394,0.010150223,0.006093307,0.006129439,0.015045986,0.000720075,0.007986013,0.267045529
108,0.000335121,0.010171007,0.008526188,0.004930462,0.005498468,0.012679704,2.34E-06,0.000719313,0.017266882
109,0.011058981,0.009835699,0.011530654,0.006930555,0.007301244,0.010134833,0.014685778,0.016205441,0.03757756
110,0.02613941,0.010171007,0.010718636,0.00613982,0.006489995,0.008259666,3.28E-06,0.003034641,0.182655698
111,0.092493298,0.030848329,0.029232643,0.017163589,0.017081305,0.020046433,3.57E-05,0.000113142,0.008284655
112,0.081769437,0.027607019,0.027689809,0.017024048,0.018839012,0.028529333,7.05E-06,7.72E-06,5.23E-05
113,0.09886059,0.033307254,0.028420625,0.020698637,0.026455742,0.036610412,4.71E-06,5.68E-06,5.84E-05
114,0.168900804,0.061026042,0.046203816,0.034187637,0.042680728,0.046343424,4.77E-06,7.60E-06,4.74E-05
115,0.392426273,0.158712418,0.115306537,0.099353458,0.146295295,0.147022056,2.50E-07,6.43E-07,1.09E-06
116,0.692359249,0.288141276,0.210231425,0.176240755,0.24242834,0.240244665,5.71E-08,1.45E-07,3.05E-07
117,1,0.441488767,0.339667073,0.279733941,0.471606274,0.475176355,1.58E-08,5.80E-08,1.07E-07
118,0.689008043,0.310495138,0.256435242,0.163077352,0.227375158,0.228279311,1.07E-07,4.58E-07,1.15E-06
119,0.629021448,0.291606125,0.307592367,0.181171217,0.187353524,0.18684704,6.40E-08,3.98E-07,1.19E-06
120,0.43733244,0.204873142,0.295168494,0.225591888,0.219262665,0.217206893,2.99E-07,2.60E-06,1.02E-05
121,0.605563003,0.323460378,1,1,1,1,1.20E-08,3.82E-07,1.10E-06
