MI,DI
3.976126752455878,2.3752368456300608
4.672570156237471,2.1959668147034335
3.9809770076091318,2.285002124774323
3.717445337268713,2.114847993569352
4.272858906296447,2.2083150955851765
2.8875834953506696,1.8735031900294719
0.043615205502565604,0.5733936706715712
0.023242250740679076,0.5179249660633363
3.7710718970532433,2.1229270480714058
0.6865795848763787,1.0137616752360223
0.0,0.4679981862746398
0.0,0.4679981862746398
0.09262727852578348,0.6501818706394417
0.0,0.4679981862746397
0.0,0.4679981862746397
0.0,0.4679981862746397
0.0,0.4679981862746397
0.014612347538599618,0.45237705220398916
0.0,0.4679981862746397
0.0,0.46799819268381654
0.0,0.4679981862746397
0.0,0.4679981862746397
2.2979335892745487,2.063965437597625
0.0,0.4679981862746397
5.441987276983448,2.6385567840898707
2.315382379368136,2.079695799423166
0.0,0.4679981862746397
4.22733006532997,2.1434388506373274
4.604496969656239,2.452821360820981
0.5634419482998373,1.3216770062777425
0.0,0.4679981862746397
2.4019437509558546,2.040117893077174
3.9854523349094917,2.668223517623313
0.36233162552731146,0.8491548096176221
0.0,0.4679981862746397
1.470357562675627,1.0632013422050193
0.020014005476150048,0.4828348550492533
0.35470088448888765,0.8191013822467629
0.0,0.4679981862746397
0.0,0.4679981862746397
0.0,0.4679981862746397
0.0,0.4679981862746397
0.0,0.4679981862746397
0.0,0.4679981862746397
0.0,0.4679981862746397
0.1220429940909894,0.7906393861650088
1.7551662382380662,1.4154822622304037
0.053823304711326514,0.7188072930285715
3.3310611006899915,2.08100337403955
0.0,0.4679981862746397
0.0,0.4679981862746397
0.0,0.4679981862746397
0.0,0.4679981862746397
0.0,0.46799819268381654
0.0,0.4679981862746397
0.0,0.4679981862746397
0.0,0.4679981862746397
0.0926272785257835,0.6501818706394417
0.0,0.4679981862746397
3.8014015709850524,2.2690538246595717
1.7814564145288787,1.5255011883409524
0.742294784488697,1.1347764209421392
2.1123756872845605,1.7666692261434565
3.330339418338289,1.8962237429766307
0.0,0.4679981862746397
0.5458483065109637,1.1179655103612336
1.885952318637935,1.4008513632819122
0.0,0.4679981862746397
0.20573801607492667,1.0577717779460014
1.8674135847712807,1.3814459717816268
0.541067294379661,1.1135626173945485
0.03135023984393899,0.548766145997018
0.0,0.4679981862746397
0.0,0.4679981862746397
0.6593017744981601,0.6151489794740963
0.02232748399556796,0.47638308284863395
0.0,0.4679981862746397
0.0,0.4679981862746397
0.0,0.4679981862746397
0.0,0.4679981862746397
1.6874494324046971,1.196027388091164
0.0,0.4679981862746397
0.0,0.4679981862746397
0.0,0.4679981862746397
0.0,0.4679981862746397
0.0,0.4679981862746397
0.33672686706740584,1.0316054054325767
0.01842426583220067,0.4981094718482462
0.18274864662570278,0.9233253665420337
0.18274864662570278,0.9233253665420337
0.18274864662570278,0.9233253665420337
0.18274864662570278,0.9233253665420337
0.18274864662570278,0.9233253665420337
4.22609316001794,2.187017580497419
3.9740900177629004,2.2384541290488724
4.753776777909822,2.696175840582986
2.0234258228813573,1.4455999050664925
