#,SEQ,SS,ASA,Phi,Psi,Theta(i-1=>i+1),Tau(i-2=>i+2),HSE_alpha_up,HSE_alpha_down,P(C),P(H),P(E)
1,G,C,67.9,124.5,-177.8,113.9,2.1,0.9,6.6,0.976,0.021,0.003
2,A,C,91.2,-83.6,82.1,106.4,-71.1,2.8,8.8,0.898,0.090,0.012
3,M,C,134.7,-85.9,22.7,104.4,60.0,3.6,9.4,0.856,0.130,0.015
4,G,C,52.7,-78.7,28.8,106.6,34.0,4.4,10.7,0.888,0.101,0.011
5,S,C,77.3,-88.8,84.2,108.0,97.7,4.6,11.0,0.888,0.096,0.015
6,R,C,156.4,-88.6,58.6,106.9,171.3,4.6,10.7,0.883,0.100,0.017
7,D,C,95.9,-87.1,71.2,106.7,86.4,5.2,13.4,0.897,0.077,0.027
8,T,C,72.5,-88.0,22.3,105.4,164.9,9.8,13.1,0.839,0.085,0.075
9,M,C,107.3,-85.4,-5.4,103.3,117.8,6.9,15.7,0.822,0.056,0.121
10,F,C,90.3,-110.5,126.5,118.1,62.2,9.9,16.9,0.771,0.026,0.202
11,T,C,35.7,-108.5,133.3,119.7,-166.2,15.9,17.5,0.602,0.011,0.387
12,K,E,71.9,-114.2,134.6,122.7,-160.6,10.8,24.4,0.065,0.000,0.935
13,I,E,7.5,-113.3,129.4,121.8,-160.2,25.0,19.0,0.024,0.000,0.976
14,F,E,44.7,-108.4,125.2,117.9,-157.6,12.6,28.2,0.025,0.000,0.975
15,V,E,5.0,-114.6,123.1,119.8,-167.9,25.5,19.6,0.133,0.001,0.866
16,G,C,18.9,-115.0,166.0,127.7,-175.5,12.7,26.0,0.776,0.009,0.216
17,G,C,33.5,73.5,16.8,99.3,13.2,10.6,24.0,0.951,0.002,0.046
18,L,C,9.3,-92.4,139.4,120.4,146.9,24.6,14.5,0.958,0.000,0.042
19,P,C,40.0,-69.1,147.1,115.1,-108.5,10.3,25.1,0.994,0.001,0.005
20,Y,C,98.9,-63.7,-27.5,93.8,-111.8,15.9,16.5,0.993,0.006,0.001
21,H,C,127.6,-91.2,6.4,98.8,53.6,3.6,21.4,0.989,0.006,0.005
22,T,C,19.0,-84.5,143.4,120.5,120.8,21.1,9.8,0.982,0.001,0.017
23,S,C,53.4,-90.1,159.9,124.4,-131.7,4.0,24.9,0.915,0.002,0.083
24,D,H,64.4,-60.4,-35.6,92.3,-107.3,16.1,14.2,0.039,0.961,0.000
25,K,H,136.1,-63.9,-37.9,91.8,56.2,2.2,20.8,0.012,0.988,0.000
26,T,H,50.0,-67.0,-39.1,93.2,50.6,7.3,19.6,0.006,0.994,0.000
27,L,H,5.4,-64.5,-42.6,93.6,51.3,25.1,15.7,0.003,0.997,0.000
28,H,H,63.8,-62.6,-40.8,92.7,53.1,14.4,20.2,0.005,0.995,0.000
29,E,H,111.0,-65.3,-39.3,91.8,50.2,2.6,23.8,0.010,0.990,0.000
30,Y,H,36.5,-66.7,-41.5,93.8,49.3,14.8,18.5,0.015,0.985,0.000
31,F,H,9.9,-66.6,-38.8,93.8,50.2,24.3,15.2,0.047,0.953,0.000
32,E,H,106.3,-66.5,-34.5,92.8,56.0,7.1,18.5,0.147,0.853,0.000
33,Q,H,115.1,-72.8,-31.7,92.8,48.5,2.9,19.7,0.308,0.691,0.002
34,F,H,46.6,-105.8,-8.6,102.8,32.2,16.9,13.8,0.429,0.569,0.002
35,G,C,19.2,108.2,-173.7,130.3,-115.7,8.5,21.6,0.914,0.006,0.081
36,D,E,77.8,-86.9,133.5,115.6,-34.3,7.3,23.5,0.487,0.005,0.508
37,I,E,10.9,-79.5,124.5,111.3,-123.4,24.6,13.7,0.060,0.000,0.940
38,E,E,89.8,-95.2,-30.9,99.3,-179.9,6.3,23.2,0.037,0.000,0.962
39,E,E,59.0,-153.5,149.4,142.7,2.4,7.9,26.6,0.015,0.000,0.985
40,A,E,5.2,-136.8,144.5,134.7,-170.6,24.9,16.7,0.011,0.000,0.989
41,V,E,39.8,-114.4,128.4,120.4,-159.4,10.3,26.9,0.008,0.000,0.992
42,V,E,13.7,-108.1,126.3,119.1,-157.1,22.0,20.3,0.026,0.000,0.974
43,I,E,37.9,-105.5,123.8,116.6,-158.5,13.2,21.3,0.110,0.001,0.890
44,T,E,34.1,-108.6,138.4,122.0,-157.8,12.8,19.3,0.194,0.002,0.804
45,D,C,39.1,-92.1,106.7,108.6,-140.6,11.5,17.0,0.714,0.007,0.280
46,R,C,133.3,-68.9,-27.6,94.6,-164.4,7.4,13.2,0.966,0.026,0.008
47,N,C,127.2,-69.6,-30.8,92.6,52.7,0.9,14.6,0.963,0.034,0.003
48,T,C,68.0,-98.8,-8.4,100.3,35.3,5.8,12.1,0.960,0.033,0.006
49,Q,C,127.0,61.2,22.2,92.7,-120.4,4.5,15.4,0.977,0.016,0.007
50,K,E,106.7,-114.2,143.6,127.6,116.8,4.5,19.3,0.448,0.020,0.532
51,S,E,25.7,-73.3,134.4,112.5,-108.8,18.8,15.3,0.357,0.016,0.626
52,R,C,93.0,-94.8,-9.7,100.0,-171.6,10.5,20.3,0.694,0.031,0.274
53,G,E,11.0,124.2,-176.1,134.8,-96.7,12.7,23.4,0.469,0.009,0.522
54,Y,E,41.9,-114.2,142.7,127.3,-34.2,18.0,24.8,0.278,0.003,0.718
55,G,E,2.1,-147.9,160.6,140.8,177.2,24.5,25.1,0.060,0.000,0.940
56,F,E,26.5,-124.5,139.4,127.5,-132.8,18.0,28.2,0.008,0.000,0.992
57,V,E,2.5,-120.0,133.4,125.4,-162.1,26.8,21.8,0.004,0.000,0.996
58,T,E,34.1,-115.4,130.8,121.8,-162.6,11.1,28.0,0.009,0.000,0.991
59,M,E,11.0,-128.7,146.5,131.8,-175.2,23.0,18.3,0.117,0.001,0.882
60,K,C,107.5,-79.0,-23.7,96.8,-149.1,7.7,21.9,0.986,0.001,0.014
61,D,C,66.7,-138.5,149.1,134.6,18.4,5.5,24.4,0.990,0.002,0.009
62,R,H,109.9,-60.7,-37.0,93.2,-107.9,14.3,16.2,0.037,0.963,0.000
63,A,H,75.4,-63.0,-39.2,90.7,53.7,1.6,23.2,0.009,0.991,0.000
64,S,H,22.1,-66.2,-40.5,93.1,50.6,12.4,17.8,0.002,0.998,0.000
65,A,H,5.0,-63.0,-41.9,92.6,52.4,24.5,15.4,0.001,0.999,0.000
66,E,H,91.7,-63.3,-40.5,92.3,52.6,8.5,23.3,0.004,0.996,0.000
67,R,H,118.3,-65.5,-39.5,91.7,49.7,4.0,25.7,0.011,0.989,0.000
68,A,H,4.7,-66.2,-42.1,93.4,50.1,21.5,16.8,0.027,0.973,0.000
69,C,H,15.4,-68.2,-33.7,93.7,52.2,22.0,16.9,0.235,0.764,0.000
70,K,C,133.0,-71.9,-30.1,93.8,52.9,3.3,20.3,0.612,0.379,0.009
71,D,C,67.8,-122.0,86.9,111.0,29.0,7.0,17.1,0.996,0.003,0.002
72,P,C,66.2,-67.9,-19.1,96.7,-167.5,11.8,13.5,0.997,0.002,0.001
73,N,C,77.5,-95.4,91.0,108.2,76.4,8.7,17.9,0.993,0.001,0.006
74,P,C,55.8,-72.1,35.4,104.3,-165.0,13.0,15.5,0.969,0.006,0.025
75,I,E,57.6,-112.8,137.5,123.7,172.9,10.2,22.1,0.195,0.001,0.804
76,I,E,12.4,-123.1,123.1,121.6,-172.5,23.0,13.8,0.054,0.000,0.946
77,D,C,91.0,55.3,40.7,93.5,-13.6,6.4,18.0,0.995,0.002,0.002
78,G,C,60.5,81.0,3.2,94.0,-48.1,2.0,15.9,0.998,0.001,0.001
79,R,E,107.4,-108.8,141.6,126.1,111.9,7.0,14.2,0.055,0.000,0.945
80,K,E,118.9,-84.9,131.4,114.7,-123.5,7.1,19.7,0.051,0.000,0.949
81,A,E,10.8,-121.5,144.9,128.3,-174.9,22.5,12.8,0.387,0.013,0.601
82,N,E,84.6,-96.6,119.6,112.6,-136.6,6.3,26.1,0.491,0.012,0.497
83,V,E,10.7,-116.4,134.7,124.8,-170.3,24.8,13.3,0.481,0.018,0.501
84,N,E,68.5,-120.1,141.6,124.9,-169.8,7.4,24.3,0.452,0.025,0.523
85,L,E,54.7,-84.5,128.8,113.3,-128.7,16.0,19.4,0.423,0.061,0.516
86,A,C,24.2,-90.1,141.6,115.2,-147.1,18.8,14.0,0.611,0.080,0.309
87,Y,C,108.8,-107.3,143.8,121.1,-135.6,8.3,18.3,0.670,0.047,0.284
88,L,C,103.5,-70.4,129.0,108.1,-100.3,8.1,14.7,0.911,0.024,0.064
89,G,C,56.7,82.9,-2.3,99.1,19.5,1.9,16.0,0.967,0.025,0.008
90,A,C,41.6,-83.4,144.1,117.4,128.9,11.4,9.7,0.976,0.009,0.015
91,K,C,126.5,-101.0,130.1,117.6,-135.9,5.1,15.1,0.962,0.002,0.036
92,P,C,78.9,-69.8,145.5,111.4,-105.3,8.5,13.8,0.945,0.038,0.017
93,R,C,140.9,-87.4,132.9,112.7,-122.6,7.2,12.3,0.923,0.060,0.016
94,T,C,97.7,-90.7,111.2,109.7,-144.9,4.6,11.6,0.886,0.099,0.016
95,N,C,112.0,-86.0,58.0,105.8,-158.7,4.3,11.3,0.927,0.062,0.010
96,V,C,102.6,-89.4,84.0,108.0,141.9,5.5,8.9,0.941,0.043,0.016
97,Q,C,141.0,-92.5,112.0,110.7,159.9,4.0,7.9,0.995,0.003,0.001
